matrix,solver,size,best_cost,worst_cost,avg_cost,std_cost,avg_time,std_time,percentile_90_time,percentile_95_time,reference_cost,deviation
N-be75eec,Becker (non-opt),50,203148,203148,203148.0,0.0,0.008799457550048828,0.00044683561972414746,0.008999824523925781,0.008999824523925781,234812,13.48483041752551
N-be75eec,Becker (opt),50,205469,205469,205469.0,0.0,0.00020022392272949218,0.0004477143019448098,0.0006006717681884767,0.0008008956909179686,234812,12.496380082789637
N-be75eec,GreatDeluge,50,234812,226131,232539.4,3606.7099689329034,0.05070209503173828,0.01219431601987868,0.06120033264160156,0.06360015869140624,234812,0.0
N-be75eec,Greedy (basic),50,59455,59455,59455.0,0.0,0.0026000022888183595,0.0005488387767792658,0.003001880645751953,0.003002500534057617,234812,74.67974379503602
N-be75eec,Greedy (best_insertion),50,232743,232743,232743.0,0.0,0.06179990768432617,0.001094952277173324,0.06259937286376953,0.062799072265625,234812,0.8811304362639047
N-be75eec,Greedy (look_ahead),50,142513,142513,142513.0,0.0,0.525718355178833,0.00910054104413154,0.5351003646850586,0.5381199836730957,234812,39.307616305810605
N-be75eec,Greedy (random),50,82610,53747,66419.6,12208.087290808497,0.0027704715728759767,0.00043561157089078617,0.0030017852783203124,0.003001976013183594,234812,64.81866344139141
N-be75np,Becker (non-opt),50,633757,633757,633757.0,0.0,0.00899953842163086,0.0007088268039272266,0.009601736068725586,0.00980205535888672,715768,11.457762850532575
N-be75np,Becker (opt),50,605577,605577,605577.0,0.0,0.00019993782043457032,0.00044707455776484575,0.000599813461303711,0.0007997512817382811,715768,15.394792726134726
N-be75np,GreatDeluge,50,715768,698874,710868.4,6909.185429556808,0.052399826049804685,0.01038357641113979,0.06240072250366211,0.06620092391967773,715768,0.0
N-be75np,Greedy (basic),50,258453,258453,258453.0,0.0,0.0025997161865234375,0.0005483576525577318,0.003000307083129883,0.0030004024505615235,715768,63.891512333605306
N-be75np,Greedy (best_insertion),50,704939,704939,704939.0,0.0,0.06327118873596191,0.001586388974764545,0.06498112678527831,0.06512351036071777,715768,1.5129203876116282
N-be75np,Greedy (look_ahead),50,395129,395129,395129.0,0.0,0.5395852088928222,0.014147203020371514,0.554604434967041,0.5576211929321289,715768,44.79649830671391
N-be75np,Greedy (random),50,378336,288943,336622.0,35378.37639010586,0.002800130844116211,0.0004475016572488926,0.003000974655151367,0.003000974655151367,715768,47.14264957360486
N-be75oi,Becker (non-opt),50,79316,79316,79316.0,0.0,0.008999490737915039,0.0007073087402050272,0.009599447250366211,0.00979924201965332,110582,28.274040983161818
N-be75oi,Becker (opt),50,77479,77479,77479.0,0.0,0.0004001617431640625,0.0005479441371933159,0.0010004997253417968,0.001000690460205078,110582,29.935251668445133
N-be75oi,GreatDeluge,50,110582,109375,109966.6,439.90942249513165,0.04320006370544434,0.00785428669584599,0.0508002758026123,0.05240020751953125,110582,0.0
N-be75oi,Greedy (basic),50,20696,20696,20696.0,0.0,0.0023998260498046876,0.0005479005389584635,0.003000020980834961,0.003000020980834961,110582,81.28447667794035
N-be75oi,Greedy (best_insertion),50,110216,110216,110216.0,0.0,0.06120004653930664,0.0008377561993147633,0.06200222969055176,0.0620023250579834,110582,0.3309761082273788
N-be75oi,Greedy (look_ahead),50,73170,73170,73170.0,0.0,0.5208842277526855,0.0013075822757409232,0.522076940536499,0.5220907211303711,110582,33.83190754372321
N-be75oi,Greedy (random),50,30004,17499,23969.4,5036.256178948804,0.0027998924255371095,0.00044710128926034575,0.0030000686645507814,0.003000164031982422,110582,72.867193575808
N-be75tot,Becker (non-opt),50,845348,845348,845348.0,0.0,0.008795881271362304,0.00044614367987369925,0.009001779556274413,0.009001874923706054,975618,13.352562170849655
N-be75tot,Becker (opt),50,803995,803995,803995.0,0.0,0.0004002094268798828,0.0005480098521890131,0.0010007381439208984,0.0010011672973632812,975618,17.59120885428518
N-be75tot,GreatDeluge,50,975618,964289,971225.6,4487.303232454878,0.060399532318115234,0.009838490051421421,0.07119936943054199,0.07359919548034667,975618,0.0
N-be75tot,Greedy (basic),50,327650,327650,327650.0,0.0,0.002399635314941406,0.0005479661761944812,0.0029999256134033204,0.0029999732971191405,975618,66.41615878345829
N-be75tot,Greedy (best_insertion),50,961844,961844,961844.0,0.0,0.06105837821960449,0.001545980530459789,0.06263136863708496,0.06317520141601562,975618,1.4118230700950578
N-be75tot,Greedy (look_ahead),50,607961,607961,607961.0,0.0,0.521080493927002,0.002275322742832821,0.5232346534729004,0.5236209869384766,975618,37.68452406577165
N-be75tot,Greedy (random),50,518410,381051,461660.0,54069.405503482274,0.002800130844116211,0.00044736981874581093,0.003001117706298828,0.0030011653900146483,975618,46.86342400406717
N-stabu70,Becker (non-opt),60,327953,327953,327953.0,0.0,0.014799833297729492,0.0004471546012663427,0.015000009536743164,0.015000057220458985,359611,8.803401453236969
N-stabu70,Becker (opt),60,304346,304346,304346.0,0.0,0.0004001617431640625,0.000547944059388729,0.0010004520416259765,0.0010005474090576173,359611,15.367994861113814
N-stabu70,GreatDeluge,60,359611,355313,357673.6,1684.3719304239212,0.0698091983795166,0.01551165728915061,0.08579816818237304,0.08939785957336426,359611,0.0
N-stabu70,Greedy (basic),60,129233,129233,129233.0,0.0,0.003999853134155273,1.1508482347628238e-06,0.004000949859619141,0.0040012836456298825,359611,64.06311264115946
N-stabu70,Greedy (best_insertion),60,358956,358956,358956.0,0.0,0.12381072044372558,0.0008233213967487622,0.12459936141967773,0.12479872703552246,359611,0.18214125819288066
N-stabu70,Greedy (look_ahead),60,264017,264017,264017.0,0.0,1.0995071411132813,0.10074961628284179,1.1972545623779296,1.205392551422119,359611,26.582612878916382
N-stabu70,Greedy (random),60,159760,118867,131454.4,16404.947646975288,0.005399847030639648,0.0005480094372808491,0.0060001850128173825,0.006000232696533203,359611,55.57421769634411
N-stabu74,Becker (non-opt),60,482054,482054,482054.0,0.0,0.014999961853027344,0.0007061290113710458,0.015599679946899415,0.01579937934875488,537198,10.26511640028444
N-stabu74,Becker (opt),60,448161,448161,448161.0,0.0,0.00020036697387695312,0.00044803417403479177,0.0006011009216308594,0.0008014678955078124,537198,16.57433571979047
N-stabu74,GreatDeluge,60,537198,531420,533991.2,2318.8610782019614,0.06770811080932618,0.009218443660330299,0.0768010139465332,0.07840094566345215,537198,0.0
N-stabu74,Greedy (basic),60,225495,225495,225495.0,0.0,0.004199981689453125,0.0004460914830818598,0.004599809646606445,0.00479888916015625,537198,58.02385712530575
N-stabu74,Greedy (best_insertion),60,529020,529020,529020.0,0.0,0.12640304565429689,0.005940244829240277,0.13180341720581054,0.1344019889831543,537198,1.5223437168418348
N-stabu74,Greedy (look_ahead),60,370207,370207,370207.0,0.0,1.0213673114776611,0.03346940622865445,1.0564563274383545,1.0597550868988037,537198,31.085558769764592
N-stabu74,Greedy (random),60,290633,181885,225095.4,45090.2403331364,0.004599380493164063,0.0005484017949081401,0.005000257492065429,0.00500030517578125,537198,45.89834660590695
N-stabu75,Becker (non-opt),60,492851,492851,492851.0,0.0,0.015199613571166993,0.0004481151053258107,0.015600776672363282,0.015801000595092773,547954,10.05613609901561
N-stabu75,Becker (opt),60,454549,454549,454549.0,0.0,0.00020017623901367188,0.0004476076779148158,0.0006005287170410157,0.0008007049560546873,547954,17.046138909470503
N-stabu75,GreatDeluge,60,547954,540643,545282.0,2849.8251700762276,0.07425923347473144,0.013209425440791277,0.08849682807922363,0.08976955413818359,547954,0.0
N-stabu75,Greedy (basic),60,214842,214842,214842.0,0.0,0.004199790954589844,0.0004467290913574341,0.004600000381469726,0.004799461364746093,547954,60.79196428897317
N-stabu75,Greedy (best_insertion),60,542390,542390,542390.0,0.0,0.12270221710205079,0.0009777000969473826,0.12330732345581055,0.1234093189239502,547954,1.0154137026100731
N-stabu75,Greedy (look_ahead),60,394570,394570,394570.0,0.0,1.0183404445648194,0.0387614975129054,1.0621116638183594,1.067555809020996,547954,27.992130726301845
N-stabu75,Greedy (random),60,285959,223186,257449.2,28293.828058429986,0.007199764251708984,0.0023879385857701603,0.009599733352661132,0.009799861907958984,547954,47.81332009621246
N-t59b11xx,Becker (non-opt),44,195525,195525,195525.0,0.0,0.00740361213684082,0.0015143675794468139,0.008803510665893554,0.009400320053100585,207960,5.979515291402192
N-t59b11xx,Becker (opt),44,190655,190655,190655.0,0.0,0.0004001140594482422,0.0005478787463214023,0.0010003089904785157,0.001000356674194336,207960,8.321311790728986
N-t59b11xx,GreatDeluge,44,207960,196350,204161.0,4674.894918605122,0.03559966087341308,0.0064275332757213486,0.04280076026916504,0.043400812149047854,207960,0.0
N-t59b11xx,Greedy (basic),44,102990,102990,102990.0,0.0,0.0021999359130859377,0.0008358613559144546,0.002998971939086914,0.002999734878540039,207960,50.476053087132144
N-t59b11xx,Greedy (best_insertion),44,206965,206965,206965.0,0.0,0.046805810928344724,0.007456982479858391,0.05439982414245605,0.05519943237304688,207960,0.4784573956530102
N-t59b11xx,Greedy (look_ahead),44,128250,128250,128250.0,0.0,0.4296611785888672,0.03161183318665383,0.4624244213104248,0.4725379467010498,207960,38.32948643969994
N-t59b11xx,Greedy (random),44,101110,95575,98019.0,2115.2523490118147,0.0028002262115478516,0.0010950840712543475,0.004000282287597657,0.004001188278198242,207960,51.38007309097904
N-t59d11xx,Becker (non-opt),44,142468,142468,142468.0,0.0,0.006999969482421875,0.0007062134790437049,0.007599973678588867,0.007799816131591797,146942,3.0447387404554176
N-t59d11xx,Becker (opt),44,138197,138197,138197.0,0.0,0.0002002716064453125,0.00044782092597480376,0.0006008148193359376,0.0008010864257812498,146942,5.951327734752487
N-t59d11xx,GreatDeluge,44,146942,140254,144944.0,2685.9669580990767,0.036799955368041995,0.007694750282503747,0.044200897216796875,0.0446012020111084,146942,0.0
N-t59d11xx,Greedy (basic),44,62682,62682,62682.0,0.0,0.001799774169921875,0.0004468650304634993,0.002001190185546875,0.0020014762878417967,146942,57.342352765036544
N-t59d11xx,Greedy (best_insertion),44,145969,145969,145969.0,0.0,0.039602136611938475,0.0011417755554369992,0.04060530662536621,0.04080343246459961,146942,0.6621660246900137
N-t59d11xx,Greedy (look_ahead),44,82826,82826,82826.0,0.0,0.3849792957305908,0.005485315916529615,0.39083447456359866,0.39244647026062013,146942,43.633542486151
N-t59d11xx,Greedy (random),44,54956,41563,49020.0,5438.104127359093,0.0019997596740722657,7.463682099580046e-07,0.00200037956237793,0.0020004749298095704,146942,62.60020960651141
N-t59f11xx,Becker (non-opt),44,119759,119759,119759.0,0.0,0.0069999217987060545,0.0007067183839821914,0.007599592208862305,0.007799386978149414,121745,1.6312784919298533
N-t59f11xx,Becker (opt),44,108398,108398,108398.0,0.0,0.00020003318786621094,0.00044728780582483377,0.0006000995635986329,0.0008001327514648435,121745,10.96307856585486
N-t59f11xx,GreatDeluge,44,121745,119138,120409.8,931.3316809815932,0.0349998950958252,0.005049528135943521,0.04059953689575195,0.04079923629760742,121745,0.0
N-t59f11xx,Greedy (basic),44,52536,52536,52536.0,0.0,0.0019998550415039062,1.130918619692938e-06,0.002000713348388672,0.002000761032104492,121745,56.84750913795228
N-t59f11xx,Greedy (best_insertion),44,121186,121186,121186.0,0.0,0.03910770416259766,0.0008886253629961315,0.040000534057617186,0.04000072479248047,121745,0.4591564335290977
N-t59f11xx,Greedy (look_ahead),44,67509,67509,67509.0,0.0,0.39006481170654295,0.025271884352712506,0.41568493843078613,0.4249129295349121,121745,44.54885210891618
N-t59f11xx,Greedy (random),44,61455,48680,56124.4,4956.034634665098,0.0021999359130859377,0.00044739452514559746,0.0026001930236816406,0.0028002262115478516,121745,49.52154092570537
N-t59i11xx,Becker (non-opt),44,7885679,7885679,7885679.0,0.0,0.006600046157836914,0.0005486011142473734,0.007002449035644532,0.007002639770507813,8225640,4.132942847000355
N-t59i11xx,Becker (opt),44,7748635,7748635,7748635.0,0.0,0.0001998424530029297,0.0004468613097048578,0.0005995273590087891,0.0007993698120117186,8225640,5.799001658229633
N-t59i11xx,GreatDeluge,44,8225640,8095280,8150806.6,52424.38895971982,0.03891854286193848,0.007365119682212654,0.046001100540161134,0.04600138664245605,8225640,0.0
N-t59i11xx,Greedy (basic),44,3686308,3686308,3686308.0,0.0,0.0018001079559326171,0.00044771455587193473,0.0020008087158203125,0.0020008087158203125,8225640,55.185152766228526
N-t59i11xx,Greedy (best_insertion),44,8218686,8218686,8218686.0,0.0,0.04320859909057617,0.004438626943559301,0.04719843864440918,0.04759831428527832,8225640,0.0845405342319868
N-t59i11xx,Greedy (look_ahead),44,4444081,4444081,4444081.0,0.0,0.3823953628540039,0.006584562454288655,0.3890718936920166,0.39023647308349607,8225640,45.97282399910524
N-t59i11xx,Greedy (random),44,3195860,2244660,2653012.4,384645.6016442929,0.002000093460083008,0.0007072241180128019,0.0026001930236816406,0.0028002262115478516,8225640,61.14758243735442
N-t59n11xx,Becker (non-opt),44,19533,19533,19533.0,0.0,0.0067997932434082035,0.0008374696283426216,0.0076008796691894535,0.007800388336181641,20743,5.833293159138023
N-t59n11xx,Becker (opt),44,18759,18759,18759.0,0.0,0.00019989013671875,0.00044696793373485174,0.0005996704101562501,0.0007995605468749999,20743,9.564672419611435
N-t59n11xx,GreatDeluge,44,20454,20030,20288.6,165.3535605906322,0.03339996337890625,0.00577102357860751,0.03940019607543945,0.04019932746887207,20743,1.3932410933808996
N-t59n11xx,Greedy (basic),44,9717,9717,9717.0,0.0,0.0017998695373535156,0.00044771442890839024,0.00200037956237793,0.0020004749298095704,20743,53.15528129971556
N-t59n11xx,Greedy (best_insertion),44,20743,20743,20743.0,0.0,0.03901214599609375,0.0012365606140719457,0.040035057067871097,0.040047073364257814,20743,0.0
N-t59n11xx,Greedy (look_ahead),44,12342,12342,12342.0,0.0,0.376461124420166,0.004704033867925391,0.3811307907104492,0.38184051513671874,20743,40.500409776792175
N-t59n11xx,Greedy (random),44,11123,8964,10181.2,1070.4686824003772,0.002000570297241211,8.085167387873254e-07,0.0020014762878417967,0.0020016193389892577,20743,46.37709106686593
N-t65b11xx,Becker (non-opt),44,335412,335412,335412.0,0.0,0.006600141525268555,0.0005477048202837056,0.007000255584716797,0.007000350952148437,354821,5.470082097733787
N-t65b11xx,Becker (opt),44,319991,319991,319991.0,0.0,0.00040030479431152344,0.0005481404392978129,0.0010009765625,0.0010014057159423828,354821,9.816217191203453
N-t65b11xx,GreatDeluge,44,352119,339968,346932.4,4409.226610189137,0.04020013809204102,0.007917730698785526,0.04839920997619629,0.050199031829833984,354821,0.7615107335811578
N-t65b11xx,Greedy (basic),44,157466,157466,157466.0,0.0,0.0017998218536376953,0.00044728815530751306,0.002000236511230469,0.002000284194946289,354821,55.62100326643575
N-t65b11xx,Greedy (best_insertion),44,354821,354821,354821.0,0.0,0.038399791717529295,0.0008926571591765438,0.03899955749511719,0.03900003433227539,354821,0.0
N-t65b11xx,Greedy (look_ahead),44,222722,222722,222722.0,0.0,0.3772468090057373,0.005318272573919048,0.38242034912109374,0.384541654586792,354821,37.229758103381705
N-t65b11xx,Greedy (random),44,166370,127733,147306.0,17365.401492623198,0.0019999027252197267,3.10859794864785e-07,0.002000093460083008,0.002000093460083008,354821,53.11156893194033
N-t65d11xx,Becker (non-opt),44,226955,226955,226955.0,0.0,0.006799936294555664,0.0008362299612745135,0.007599782943725586,0.007800197601318359,237653,4.501521125338203
N-t65d11xx,Becker (opt),44,218711,218711,218711.0,0.0,0.00020041465759277344,0.0004481407980647858,0.0006012439727783204,0.0008016586303710936,237653,7.970444303248854
N-t65d11xx,GreatDeluge,44,236894,230809,234755.8,2411.8754528374793,0.04120016098022461,0.008166267482833459,0.04659891128540039,0.0467989444732666,237653,0.31937320378871714
N-t65d11xx,Greedy (basic),44,93599,93599,93599.0,0.0,0.0017997264862060548,0.00044577333476134007,0.002001237869262695,0.0020016193389892577,237653,60.61526679654791
N-t65d11xx,Greedy (best_insertion),44,237653,237653,237653.0,0.0,0.038799381256103514,0.00044734240441682006,0.039000511169433594,0.039000749588012695,237653,0.0
N-t65d11xx,Greedy (look_ahead),44,147621,147621,147621.0,0.0,0.3763591289520264,0.006829124389738576,0.3829510688781738,0.38560190200805666,237653,37.883805380113024
N-t65d11xx,Greedy (random),44,132876,89939,114603.0,15933.851747145132,0.001999187469482422,1.961708300659615e-06,0.0020005226135253905,0.0020006656646728515,237653,44.088229477431376
N-t65f11xx,Becker (non-opt),44,211301,211301,211301.0,0.0,0.006599998474121094,0.0005482281281254353,0.007001256942749024,0.007001686096191406,216256,2.2912659070730985
N-t65f11xx,Becker (opt),44,192957,192957,192957.0,0.0,0.0004001140594482422,0.0005478787463214023,0.0010003089904785157,0.001000356674194336,216256,10.773805119857945
N-t65f11xx,GreatDeluge,44,216256,209095,214132.2,2913.6265546565824,0.04240007400512695,0.007635371127398184,0.05039992332458496,0.05119986534118652,216256,0.0
N-t65f11xx,Greedy (basic),44,102056,102056,102056.0,0.0,0.0017998218536376953,0.00044728796468063094,0.002000236511230469,0.002000284194946289,216256,52.80778336786032
N-t65f11xx,Greedy (best_insertion),44,214088,214088,214088.0,0.0,0.03880019187927246,0.00044712839419127183,0.039000749588012695,0.039000749588012695,216256,1.002515537141166
N-t65f11xx,Greedy (look_ahead),44,126064,126064,126064.0,0.0,0.3759922027587891,0.004302577303631138,0.38041033744812014,0.38187665939331056,216256,41.706126072802604
N-t65f11xx,Greedy (random),44,111878,81516,93671.6,11382.40902884798,0.001999950408935547,3.6157967777503015e-07,0.002000236511230469,0.002000284194946289,216256,48.2659440662918
N-t65i11xx,Becker (non-opt),44,13477532,13477532,13477532.0,0.0,0.006600093841552734,0.0008948156646045499,0.00760045051574707,0.007800769805908203,14422536,6.552273469797544
N-t65i11xx,Becker (opt),44,13154039,13154039,13154039.0,0.0,0.0002002716064453125,0.00044782092597480376,0.0006008148193359376,0.0008010864257812498,14422536,8.795242390103931
N-t65i11xx,GreatDeluge,44,14422536,14280694,14342175.4,64329.3982468358,0.041101694107055664,0.008158767113198679,0.0488008975982666,0.05040106773376465,14422536,0.0
N-t65i11xx,Greedy (basic),44,6859737,6859737,6859737.0,0.0,0.0017997264862060548,0.0004467015486306419,0.0019998550415039062,0.0019998550415039062,14422536,52.43737301123741
N-t65i11xx,Greedy (best_insertion),44,14298037,14298037,14298037.0,0.0,0.03919963836669922,0.0004469973357684413,0.03960041999816895,0.039799833297729494,14422536,0.8632254410736087
N-t65i11xx,Greedy (look_ahead),44,8566480,8566480,8566480.0,0.0,0.3937521457672119,0.013506869943646653,0.4064321994781494,0.410216236114502,14422536,40.60351106074549
N-t65i11xx,Greedy (random),44,6828180,4928983,6033398.4,732881.0468693401,0.0021999359130859377,0.00044752788057075615,0.0026003360748291016,0.0028004169464111326,14422536,52.65617641724035
N-t65l11xx,Becker (non-opt),44,14769,14769,14769.0,0.0,0.0065996646881103516,0.0005474877892757425,0.007000255584716797,0.007000589370727539,16650,11.297297297297296
N-t65l11xx,Becker (opt),44,9565,9565,9565.0,0.0,0.0004002094268798828,0.0005480093854173067,0.0010005950927734375,0.0010007381439208984,16650,42.552552552552555
N-t65l11xx,GreatDeluge,44,16615,16488,16556.2,50.46483924476511,0.03800420761108399,0.007965575015242098,0.04620356559753418,0.047590112686157225,16650,0.21021021021021022
N-t65l11xx,Greedy (basic),44,2807,2807,2807.0,0.0,0.001799774169921875,0.000447128521321223,0.0020004749298095704,0.0020005226135253905,16650,83.14114114114113
N-t65l11xx,Greedy (best_insertion),44,16650,16650,16650.0,0.0,0.040413713455200194,0.0025017630195736567,0.0432011604309082,0.043599939346313475,16650,0.0
N-t65l11xx,Greedy (look_ahead),44,11863,11863,11863.0,0.0,0.374208927154541,0.0039802240766052144,0.37822556495666504,0.37963414192199707,16650,28.750750750750754
N-t65l11xx,Greedy (random),44,4393,2991,3464.4,546.6089095505122,0.0021998405456542967,0.0004478492121827579,0.0026007175445556642,0.0028008460998535153,16650,73.61561561561561
N-t65n11xx,Becker (non-opt),44,29683,29683,29683.0,0.0,0.006399679183959961,0.0005484234838418784,0.007000541687011719,0.007000732421875,31990,7.211628633948108
N-t65n11xx,Becker (opt),44,29276,29276,29276.0,0.0,0.00020017623901367188,0.0004476076779148158,0.0006005287170410157,0.0008007049560546873,31990,8.483901219130978
N-t65n11xx,GreatDeluge,44,31990,31463,31730.2,237.51989390364722,0.0449671745300293,0.007451934971733496,0.05202922821044922,0.05251126289367676,31990,0.0
N-t65n11xx,Greedy (basic),44,13849,13849,13849.0,0.0,0.0018001556396484374,0.00044707497098680777,0.0020006656646728515,0.002000856399536133,31990,56.70834635823695
N-t65n11xx,Greedy (best_insertion),44,31982,31982,31982.0,0.0,0.040599727630615236,0.0020741381674204,0.04280071258544922,0.04340019226074219,31990,0.02500781494216943
N-t65n11xx,Greedy (look_ahead),44,20462,20462,20462.0,0.0,0.37888636589050295,0.005394765848956188,0.3837900638580322,0.3840531349182129,31990,36.03626133166615
N-t65n11xx,Greedy (random),44,16508,13142,14292.0,1467.9882492717713,0.002083110809326172,7.641306161502888e-06,0.0020883560180664064,0.00208892822265625,31990,48.396373866833386
N-t65w11xx,Becker (non-opt),44,128616435,128616435,128616435.0,0.0,0.0067996978759765625,0.0004490226735747773,0.0070017814636230465,0.00700230598449707,137523052,6.476453852987498
N-t65w11xx,Becker (opt),44,123636453,123636453,123636453.0,0.0,0.00020036697387695312,0.00044803417403479177,0.0006011009216308594,0.0008014678955078124,137523052,10.097651846760934
N-t65w11xx,GreatDeluge,44,137290480,134504469,136483082.6,1160868.756113841,0.03946013450622558,0.012953542963076688,0.05238142013549805,0.05584259033203125,137523052,0.16911492045711726
N-t65w11xx,Greedy (basic),44,62373344,62373344,62373344.0,0.0,0.0022003173828125,0.0008366731549500436,0.0030014514923095703,0.003002166748046875,137523052,54.645171778183055
N-t65w11xx,Greedy (best_insertion),44,137523052,137523052,137523052.0,0.0,0.03979954719543457,0.001302749710139164,0.04119853973388672,0.04159798622131348,137523052,0.0
N-t65w11xx,Greedy (look_ahead),44,79472361,79472361,79472361.0,0.0,0.3748077392578125,0.00441431637232521,0.3791835308074951,0.38056421279907227,137523052,42.21160754925654
N-t65w11xx,Greedy (random),44,71159251,54148359,61939464.4,6210763.973004029,0.0019999027252197267,6.61584707522938e-07,0.0020005226135253905,0.0020006656646728515,137523052,48.256492300650805
N-t69r11xx,Becker (non-opt),44,685326,685326,685326.0,0.0,0.0065997600555419925,0.0005484455657675059,0.007000637054443359,0.007000780105590821,764040,10.302340191613006
N-t69r11xx,Becker (opt),44,670139,670139,670139.0,0.0,0.00019989013671875,0.0004469679337348518,0.0005996704101562501,0.0007995605468749999,764040,12.290063347468719
N-t69r11xx,GreatDeluge,44,764040,758057,761511.4,2227.0199370459227,0.03639993667602539,0.011171774304878203,0.047800540924072266,0.050400495529174805,764040,0.0
N-t69r11xx,Greedy (basic),44,382479,382479,382479.0,0.0,0.0017999172210693359,0.0004476078366570905,0.0020004749298095704,0.0020005226135253905,764040,49.9399246112769
N-t69r11xx,Greedy (best_insertion),44,759204,759204,759204.0,0.0,0.03890151977539062,0.0007406215645595767,0.039600038528442384,0.03980035781860351,764040,0.6329511543898225
N-t69r11xx,Greedy (look_ahead),44,444439,444439,444439.0,0.0,0.3743497371673584,0.00413036006368269,0.3783131122589111,0.3797501564025879,764040,41.83040154965709
N-t69r11xx,Greedy (random),44,411297,236487,348393.8,65818.1354544475,0.0020001411437988283,1.3840604089450698e-06,0.002001523971557617,0.0020020008087158203,764040,46.168132558504794
N-t70b11xx,Becker (non-opt),44,463645,463645,463645.0,0.0,0.006509304046630859,0.0008668136412275931,0.007419443130493164,0.007710027694702148,526638,11.961347263205466
N-t70b11xx,Becker (opt),44,435506,435506,435506.0,0.0,0.00020036697387695312,0.00044803417403479177,0.0006011009216308594,0.0008014678955078124,526638,17.304486193552307
N-t70b11xx,GreatDeluge,44,526638,523322,525382.8,1314.6739900066545,0.04200029373168945,0.007034944272357715,0.0491997241973877,0.050599527359008786,526638,0.0
N-t70b11xx,Greedy (basic),44,234126,234126,234126.0,0.0,0.0018001079559326171,0.00044731450551507883,0.0020003318786621094,0.0020003318786621094,526638,55.54327640618414
N-t70b11xx,Greedy (best_insertion),44,522770,522770,522770.0,0.0,0.03881163597106933,0.0008393824205249575,0.03962240219116211,0.039810705184936526,526638,0.7344703572472933
N-t70b11xx,Greedy (look_ahead),44,328155,328155,328155.0,0.0,0.37807388305664064,0.006306398977579882,0.3841700553894043,0.38671183586120605,526638,37.68869697970902
N-t70b11xx,Greedy (random),44,221259,194751,204730.6,11678.58241825608,0.0021999359130859377,0.0004473956686332515,0.002600574493408203,0.0028004169464111326,526638,57.986510658175064
N-t70d11xx,Becker (non-opt),44,337042,337042,337042.0,0.0,0.006599521636962891,0.0005484454103005905,0.00700082778930664,0.007001113891601562,375696,10.288637621907073
N-t70d11xx,Becker (opt),44,328713,328713,328713.0,0.0,0.00020041465759277344,0.0004481407980647858,0.0006012439727783204,0.0008016586303710936,375696,12.505589625654784
N-t70d11xx,GreatDeluge,44,375696,369466,372724.2,2420.698597512711,0.04999961853027344,0.012165094102953728,0.06359901428222656,0.0657994270324707,375696,0.0
N-t70d11xx,Greedy (basic),44,164453,164453,164453.0,0.0,0.0017999172210693359,0.00044694551847183163,0.0020018100738525392,0.0020021438598632813,375696,56.2271091520804
N-t70d11xx,Greedy (best_insertion),44,372723,372723,372723.0,0.0,0.0390049934387207,0.0007074715786960806,0.039610099792480466,0.03980550765991211,375696,0.7913312891273796
N-t70d11xx,Greedy (look_ahead),44,232706,232706,232706.0,0.0,0.3744980335235596,0.005165266199461878,0.37980337142944337,0.381531810760498,375696,38.06002725607938
N-t70d11xx,Greedy (random),44,174773,140525,158942.2,13839.006004767827,0.0019998550415039062,1.5724785278168698e-06,0.002001380920410156,0.0020018100738525392,375696,53.48020740172906
N-t70d11xxb,Becker (non-opt),44,356392,356392,356392.0,0.0,0.006799888610839844,0.000448463775575227,0.007001924514770508,0.007002019882202148,365457,2.48045597703697
N-t70d11xxb,Becker (opt),44,328519,328519,328519.0,0.0,0.0,0.0,0.0,0.0,365457,10.10734505017006
N-t70d11xxb,GreatDeluge,44,365457,360287,362283.8,1979.3813932640724,0.0434018611907959,0.00517776390016412,0.04820065498352051,0.04860033988952637,365457,0.0
N-t70d11xxb,Greedy (basic),44,169365,169365,169365.0,0.0,0.0018004894256591797,0.0004463322968281148,0.0020020008087158203,0.0020020008087158203,365457,53.65665454485753
N-t70d11xxb,Greedy (best_insertion),44,359556,359556,359556.0,0.0,0.03920135498046875,0.0010930537433829761,0.04019994735717773,0.040599918365478514,365457,1.614690647600128
N-t70d11xxb,Greedy (look_ahead),44,181404,181404,181404.0,0.0,0.4264261245727539,0.07277465941325634,0.5038270950317383,0.525407075881958,365457,50.36242293895042
N-t70d11xxb,Greedy (random),44,174443,141511,160059.2,12449.482507317322,0.002199554443359375,0.0004482752629354396,0.002601003646850586,0.002801227569580078,365457,52.26716138971206
N-t70f11xx,Becker (non-opt),44,341073,341073,341073.0,0.0,0.006599617004394531,0.0005471185220984611,0.0070002079010009766,0.00700068473815918,357218,4.519649065836548
N-t70f11xx,Becker (opt),44,323942,323942,323942.0,0.0,0.00020041465759277344,0.0004481407980647858,0.0006012439727783204,0.0008016586303710936,357218,9.31532005666008
N-t70f11xx,GreatDeluge,44,357218,342918,351628.2,5551.812154603215,0.04081926345825195,0.006604918870137329,0.0474553108215332,0.04926729202270508,357218,0.0
N-t70f11xx,Greedy (basic),44,174714,174714,174714.0,0.0,0.001799631118774414,0.0004471850905628334,0.002001523971557617,0.0020020008087158203,357218,51.0903705860287
N-t70f11xx,Greedy (best_insertion),44,355440,355440,355440.0,0.0,0.03860325813293457,0.0005473456954588222,0.03900480270385742,0.03900551795959473,357218,0.49773527649782484
N-t70f11xx,Greedy (look_ahead),44,203626,203626,203626.0,0.0,0.42662925720214845,0.038433004211781904,0.46619548797607424,0.46855921745300294,357218,42.996713491481394
N-t70f11xx,Greedy (random),44,174445,149404,162181.2,10044.910039417973,0.0021999359130859377,0.00044806293521016614,0.002601480484008789,0.0028014659881591794,357218,51.16567474203427
N-t70i11xx,Becker (non-opt),44,23574769,23574769,23574769.0,0.0,0.006600093841552734,0.0005489700106031871,0.007002401351928711,0.007002496719360351,24777811,4.855319947351281
N-t70i11xx,Becker (opt),44,22964448,22964448,22964448.0,0.0,0.00020060539245605468,0.0004485672941847618,0.0006018161773681641,0.0008024215698242186,24777811,7.318495568474552
N-t70i11xx,GreatDeluge,44,24646169,24449980,24585467.4,80148.63489667143,0.03682165145874024,0.0043726080746904206,0.040201997756958006,0.04060201644897461,24777811,0.5312898706023708
N-t70i11xx,Greedy (basic),44,10536121,10536121,10536121.0,0.0,0.0017994403839111327,0.00044774465156435496,0.0020010948181152345,0.0020014286041259766,24777811,57.47759557936736
N-t70i11xx,Greedy (best_insertion),44,24777811,24777811,24777811.0,0.0,0.04031109809875488,0.0006587949070670586,0.04100470542907715,0.0410064697265625,24777811,0.0
N-t70i11xx,Greedy (look_ahead),44,15257208,15257208,15257208.0,0.0,0.36911921501159667,0.0032123464832038893,0.3726013660430908,0.3726182460784912,24777811,38.42390677691423
N-t70i11xx,Greedy (random),44,9893996,8153402,8910023.6,686555.9243596257,0.0021995067596435546,0.0008363447237772134,0.0029994964599609373,0.0030001163482666015,24777811,60.06912797906159
N-t70k11xx,Becker (non-opt),44,57280000,57280000,57280000.0,0.0,0.0067997932434082035,0.0008366853534547933,0.007600259780883789,0.00780043601989746,60519300,5.35250738194262
N-t70k11xx,Becker (opt),44,55175900,55175900,55175900.0,0.0,0.0002002716064453125,0.00044782092597480376,0.0006008148193359376,0.0008010864257812498,60519300,8.829249512139102
N-t70k11xx,GreatDeluge,44,60519300,59839300,60186600.0,296601.3823298871,0.045799970626831055,0.003632930451572583,0.04900016784667969,0.049000215530395505,60519300,0.0
N-t70k11xx,Greedy (basic),44,23493800,23493800,23493800.0,0.0,0.0017999172210693359,0.0004472096292184591,0.0020009994506835936,0.002001380920410156,60519300,61.17965673760272
N-t70k11xx,Greedy (best_insertion),44,60456800,60456800,60456800.0,0.0,0.03899970054626465,0.000706467251935349,0.03959970474243164,0.03979887962341309,60519300,0.1032728402344376
N-t70k11xx,Greedy (look_ahead),44,34616300,34616300,34616300.0,0.0,0.3764309883117676,0.01055578206715681,0.3864914417266846,0.39078397750854493,60519300,42.8012220894822
N-t70k11xx,Greedy (random),44,26803500,21478800,23627840.0,1957452.4139809886,0.0019997119903564452,1.2457228162396908e-06,0.0020009994506835936,0.0020011425018310546,60519300,55.71082282842003
N-t70l11xx,Becker (non-opt),44,18903,18903,18903.0,0.0,0.00639948844909668,0.0005475101269649499,0.006999397277832031,0.006999683380126953,25178,24.922551433791405
N-t70l11xx,Becker (opt),44,18706,18706,18706.0,0.0,0.00019989013671875,0.0004469679337348518,0.0005996704101562501,0.0007995605468749999,25178,25.704980538565415
N-t70l11xx,GreatDeluge,44,25178,24790,25009.4,142.13303627235956,0.04006218910217285,0.014924351026495638,0.055067586898803714,0.05942120552062988,25178,0.0
N-t70l11xx,Greedy (basic),44,4608,4608,4608.0,0.0,0.0018003463745117187,0.00044758163706995247,0.002001190185546875,0.0020014762878417967,25178,81.69830804670745
N-t70l11xx,Greedy (best_insertion),44,25147,25147,25147.0,0.0,0.03929567337036133,0.0013925151078050247,0.0407923698425293,0.040896368026733396,25178,0.12312336166494559
N-t70l11xx,Greedy (look_ahead),44,18990,18990,18990.0,0.0,0.38062305450439454,0.022857802124097267,0.4059784412384033,0.41154909133911133,25178,24.577011676860753
N-t70l11xx,Greedy (random),44,5630,4265,4820.2,660.3443798503929,0.003401517868041992,0.000549021641179374,0.00400390625,0.004005861282348633,25178,77.63920883310827
N-t70n11xx,Becker (non-opt),44,51075,51075,51075.0,0.0,0.007109928131103516,0.00046067995846593794,0.007565116882324219,0.007689523696899414,52204,2.162669527239292
N-t70n11xx,Becker (opt),44,47410,47410,47410.0,0.0,0.0004149436950683594,0.0002319651413820834,0.0005201339721679687,0.0005201816558837891,52204,9.183204352156924
N-t70n11xx,GreatDeluge,44,52204,51469,51843.6,343.07040093834945,0.0453305721282959,0.007421390755973501,0.052969932556152344,0.055265188217163086,52204,0.0
N-t70n11xx,Greedy (basic),44,22826,22826,22826.0,0.0,0.002086353302001953,0.0003830264558634711,0.0024161338806152344,0.002525806427001953,52204,56.275381196843156
N-t70n11xx,Greedy (best_insertion),44,52142,52142,52142.0,0.0,0.039738798141479494,0.0019849834772982158,0.041856575012207034,0.042427682876586915,52204,0.11876484560570072
N-t70n11xx,Greedy (look_ahead),44,33163,33163,33163.0,0.0,0.418720006942749,0.026429242295531407,0.445720911026001,0.45343923568725586,52204,36.47421653513141
N-t70n11xx,Greedy (random),44,21934,17811,20522.6,1615.783803607401,0.002706623077392578,0.0008347037621001466,0.003599691390991211,0.0037995815277099606,52204,57.98406252394452
N-t70u11xx,Becker (non-opt),44,18486500,18486500,18486500.0,0.0,0.006400060653686523,0.0005469876754304464,0.006999444961547851,0.006999826431274414,21675600,14.712856852866818
N-t70u11xx,Becker (opt),44,18218100,18218100,18218100.0,0.0,0.00019960403442382814,0.0004463281895548878,0.0005988121032714845,0.0007984161376953123,21675600,15.951115540054255
N-t70u11xx,GreatDeluge,44,21653900,21266700,21410000.0,157085.62951460583,0.037400341033935545,0.007732874140708047,0.044800519943237305,0.045400142669677734,21675600,0.1001125689715625
N-t70u11xx,Greedy (basic),44,8472700,8472700,8472700.0,0.0,0.0018002986907958984,0.00044648973291445276,0.002000856399536133,0.0020009517669677735,21675600,60.91134732141209
N-t70u11xx,Greedy (best_insertion),44,21675600,21675600,21675600.0,0.0,0.03839964866638183,0.001672579023843857,0.04019894599914551,0.040598583221435544,21675600,0.0
N-t70u11xx,Greedy (look_ahead),44,12332100,12332100,12332100.0,0.0,0.39169797897338865,0.03001131936147181,0.4165017127990723,0.418547248840332,21675600,43.10607318828544
N-t70u11xx,Greedy (random),44,11828000,9197600,10838880.0,977338.6501105948,0.001999664306640625,1.9617083006595755e-06,0.002001380920410156,0.0020015716552734377,21675600,45.43172968683681
N-t70w11xx,Becker (non-opt),44,214650502,214650502,214650502.0,0.0,0.006200265884399414,0.0004481152956008299,0.0066016197204589845,0.006801748275756836,223469349,3.946334045122224
N-t70w11xx,Becker (opt),44,201879850,201879850,201879850.0,0.0,0.0001998424530029297,0.0004468613097048578,0.0005995273590087891,0.0007993698120117186,223469349,9.661056022497295
N-t70w11xx,GreatDeluge,44,223469349,219453104,222197234.8,1574906.251191861,0.046408462524414065,0.009915227438401045,0.05600981712341309,0.05900492668151855,223469349,0.0
N-t70w11xx,Greedy (basic),44,101480563,101480563,101480563.0,0.0,0.001799774169921875,0.0004462076608723227,0.002002716064453125,0.0020029544830322266,223469349,54.588598635958796
N-t70w11xx,Greedy (best_insertion),44,222415317,222415317,222415317.0,0.0,0.03761172294616699,0.0011442966828088276,0.03862261772155762,0.03881120681762695,223469349,0.4716673694699849
N-t70w11xx,Greedy (look_ahead),44,127203002,127203002,127203002.0,0.0,0.39471993446350095,0.020825867376943887,0.4161968231201172,0.4189291000366211,223469349,43.07809882240271
N-t70w11xx,Greedy (random),44,101434696,79224357,87826868.4,9240379.67677253,0.0024003505706787108,0.000895403144152088,0.0032020568847656253,0.0036020755767822263,223469349,54.609123598422435
N-t70x11xx,Becker (non-opt),44,273619503,273619503,273619503.0,0.0,0.006799936294555664,0.00044756879706132885,0.007003355026245117,0.007004642486572265,283566182,3.5077098862233154
N-t70x11xx,Becker (opt),44,254412126,254412126,254412126.0,0.0,0.00020012855529785156,0.00044750105388482173,0.0006003856658935548,0.0008005142211914061,283566182,10.281217525438207
N-t70x11xx,GreatDeluge,44,283566182,279577366,281177601.6,1588328.1354004934,0.04819989204406738,0.01541839146802975,0.062400674819946295,0.06620030403137207,283566182,0.0
N-t70x11xx,Greedy (basic),44,119280218,119280218,119280218.0,0.0,0.0017998218536376953,0.00044822344119155853,0.0020017147064208983,0.0020018577575683593,283566182,57.935668788600466
N-t70x11xx,Greedy (best_insertion),44,282169584,282169584,282169584.0,0.0,0.03860158920288086,0.000546142691920367,0.03900089263916016,0.039001178741455075,283566182,0.49251218539169805
N-t70x11xx,Greedy (look_ahead),44,154938312,154938312,154938312.0,0.0,0.38579697608947755,0.008757135437361922,0.39466252326965334,0.3966361999511719,283566182,45.36079341083064
N-t70x11xx,Greedy (random),44,122905430,97976138,109915515.0,9989929.304862423,0.0020001411437988283,2.0467926055273354e-06,0.0020021915435791014,0.0020023345947265624,283566182,56.657232843089865
N-t74d11xx,Becker (non-opt),44,527058,527058,527058.0,0.0,0.006800079345703125,0.00044723736943377655,0.007001495361328125,0.007001924514770508,564394,6.61523687353161
N-t74d11xx,Becker (opt),44,476049,476049,476049.0,0.0,0.00020031929016113282,0.0004479275500047978,0.0006009578704833985,0.0008012771606445311,564394,15.653072144636548
N-t74d11xx,GreatDeluge,44,564394,558550,562013.2,2194.3080230450837,0.03971233367919922,0.00913507156276431,0.04959945678710938,0.05179991722106933,564394,0.0
N-t74d11xx,Greedy (basic),44,234813,234813,234813.0,0.0,0.0019996166229248047,1.6603932711105489e-06,0.002001237869262695,0.0020016193389892577,564394,58.395553460880166
N-t74d11xx,Greedy (best_insertion),44,561378,561378,561378.0,0.0,0.03871374130249024,0.00044015283586073173,0.0390017032623291,0.0390019416809082,564394,0.5343784661070103
N-t74d11xx,Greedy (look_ahead),44,314558,314558,314558.0,0.0,0.38840541839599607,0.010270158910874143,0.3993359565734863,0.4011066436767578,564394,44.26623954188032
N-t74d11xx,Greedy (random),44,252241,209813,227204.4,17125.321334211516,0.0022010326385498045,0.00045064890667710904,0.0026050090789794924,0.0028060913085937497,564394,55.307639698508495
N-t75d11xx,Becker (non-opt),44,502049,502049,502049.0,0.0,0.006706380844116211,0.00044524526340504223,0.0070018768310546875,0.0070018768310546875,574006,12.535931680156654
N-t75d11xx,Becker (opt),44,472783,472783,472783.0,0.0,0.00020041465759277344,0.0004481407980647858,0.0006012439727783204,0.0008016586303710936,574006,17.634484656954804
N-t75d11xx,GreatDeluge,44,573349,560928,566739.0,5304.862910575527,0.04539999961853027,0.01128284429421916,0.056000041961669925,0.05799999237060547,574006,0.1144587338808305
N-t75d11xx,Greedy (basic),44,224130,224130,224130.0,0.0,0.0017995357513427735,0.0004457961532403079,0.0019999027252197267,0.0019999980926513673,574006,60.953369825402525
N-t75d11xx,Greedy (best_insertion),44,574006,574006,574006.0,0.0,0.03940005302429199,0.0008934030336355569,0.04019961357116699,0.04059891700744629,574006,0.0
N-t75d11xx,Greedy (look_ahead),44,275736,275736,275736.0,0.0,0.38099308013916017,0.010418951690434658,0.3921497344970703,0.39532151222229006,574006,51.96287146824249
N-t75d11xx,Greedy (random),44,286271,227165,253433.4,25941.78059231864,0.0020000457763671873,1.925146983927376e-06,0.002002048492431641,0.0020021438598632813,574006,50.12752479939234
N-t75e11xx,Becker (non-opt),44,2625878,2625878,2625878.0,0.0,0.006800317764282226,0.000448168797730911,0.007001829147338867,0.0070019721984863285,2724044,3.6036862840688326
N-t75e11xx,Becker (opt),44,2499777,2499777,2499777.0,0.0,0.00020012855529785156,0.00044750105388482173,0.0006003856658935548,0.0008005142211914061,2724044,8.232869953642453
N-t75e11xx,GreatDeluge,44,2724044,2686168,2711518.4,15380.78297096733,0.04891209602355957,0.008939621516426306,0.056737089157104494,0.05864877700805664,2724044,0.0
N-t75e11xx,Greedy (basic),44,1115691,1115691,1115691.0,0.0,0.0017999649047851563,0.0004473710575923833,0.0020015716552734377,0.0020021438598632813,2724044,59.04284218610272
N-t75e11xx,Greedy (best_insertion),44,2707150,2707150,2707150.0,0.0,0.03880586624145508,0.00044942751479281717,0.039017772674560545,0.03902368545532227,2724044,0.6201808781355954
N-t75e11xx,Greedy (look_ahead),44,1444165,1444165,1444165.0,0.0,0.37968006134033205,0.006569436178689135,0.38645033836364745,0.38826742172241213,2724044,46.984520073831405
N-t75e11xx,Greedy (random),44,1226963,881050,1123837.6,143908.47469937272,0.0019999980926513673,1.5321988118228507e-06,0.002001380920410156,0.0020018100738525392,2724044,54.95803298331451
N-t75i11xx,Becker (non-opt),44,59991100,59991100,59991100.0,0.0,0.006599950790405274,0.0005477516096487467,0.0070015907287597655,0.00700221061706543,63380002,5.3469578621976055
N-t75i11xx,Becker (opt),44,58594956,58594956,58594956.0,0.0,0.00040106773376464845,0.0005491857054476713,0.0010029792785644532,0.001003599166870117,63380002,7.549772560751891
N-t75i11xx,GreatDeluge,44,63310313,62860928,63118171.2,201532.88780916217,0.043502521514892575,0.007211922415780815,0.05020613670349121,0.0521031379699707,63380002,0.10995424077140295
N-t75i11xx,Greedy (basic),44,26437205,26437205,26437205.0,0.0,0.0017994880676269532,0.00044857248976345527,0.0020022869110107424,0.002002382278442383,63380002,58.28778137305834
N-t75i11xx,Greedy (best_insertion),44,63380002,63380002,63380002.0,0.0,0.038747549057006836,0.000476915323288179,0.03910837173461914,0.03914456367492676,63380002,0.0
N-t75i11xx,Greedy (look_ahead),44,39626043,39626043,39626043.0,0.0,0.3815310001373291,0.004782000008421024,0.3862153053283691,0.38757662773132323,63380002,37.47863403349214
N-t75i11xx,Greedy (random),44,32163700,21797830,24481204.8,4321092.710004172,0.002116870880126953,0.0005247901745365967,0.002600240707397461,0.0028001308441162106,63380002,49.25260494627312
N-t75k11xx,Becker (non-opt),44,100225,100225,100225.0,0.0,0.00659942626953125,0.0005495588587945933,0.007002592086791992,0.007002830505371094,108630,7.7372733130811016
N-t75k11xx,Becker (opt),44,97931,97931,97931.0,0.0,0.00019998550415039061,0.00044718118179483976,0.000599956512451172,0.0007999420166015623,108630,9.849028813403296
N-t75k11xx,GreatDeluge,44,108630,106724,108028.0,750.0336659110717,0.0474027156829834,0.008297205251515762,0.05560588836669922,0.05580759048461914,108630,0.0
N-t75k11xx,Greedy (basic),44,40666,40666,40666.0,0.0,0.0018000602722167969,0.00044835509207866365,0.002001380920410156,0.0020018100738525392,108630,62.56466906011231
N-t75k11xx,Greedy (best_insertion),44,107888,107888,107888.0,0.0,0.039401674270629884,0.0011404706390751636,0.04060053825378418,0.040801286697387695,108630,0.6830525637485041
N-t75k11xx,Greedy (look_ahead),44,60463,60463,60463.0,0.0,0.386845064163208,0.007211632510916441,0.3942098140716553,0.3964169979095459,108630,44.34042161465525
N-t75k11xx,Greedy (random),44,42634,35964,38606.8,2666.470832392509,0.00200037956237793,1.9177510788144695e-06,0.0020022869110107424,0.002002382278442383,108630,60.753014820951854
N-t75n11xx,Becker (non-opt),44,89382,89382,89382.0,0.0,0.008000373840332031,0.00187059761338033,0.010000133514404297,0.010000181198120118,92480,3.3499134948096887
N-t75n11xx,Becker (opt),44,83088,83088,83088.0,0.0,0.0006009578704833984,0.00022622447103588014,0.0008108139038085938,0.0009056091308593749,92480,10.155709342560554
N-t75n11xx,GreatDeluge,44,92480,91193,91946.4,474.76499449727913,0.03885331153869629,0.011932970567763691,0.050191640853881836,0.0548717975616455,92480,0.0
N-t75n11xx,Greedy (basic),44,41020,41020,41020.0,0.0,0.0025129318237304688,0.0007027090853409849,0.0032628059387207033,0.003484392166137695,92480,55.64446366782006
N-t75n11xx,Greedy (best_insertion),44,91778,91778,91778.0,0.0,0.03869795799255371,0.0008229720515821446,0.03955731391906738,0.03955774307250977,92480,0.759083044982699
N-t75n11xx,Greedy (look_ahead),44,63416,63416,63416.0,0.0,0.38616061210632324,0.013809358672459488,0.4000293254852295,0.4050182819366455,92480,31.42733564013841
N-t75n11xx,Greedy (random),44,40023,36229,37889.2,1445.4363355056505,0.0026001930236816406,0.0008937763527691994,0.003599405288696289,0.0037994384765625,92480,56.722534602076124
N-t75u11xx,Becker (non-opt),44,49677169,49677169,49677169.0,0.0,0.006600189208984375,0.0005474241506758724,0.007001304626464843,0.007001829147338867,52417900,5.22861656037346
N-t75u11xx,Becker (opt),44,46603991,46603991,46603991.0,0.0,0.0001995563507080078,0.00044622156552489374,0.0005986690521240235,0.000798225402832031,52417900,11.091457307522813
N-t75u11xx,GreatDeluge,44,52417900,52094859,52206361.2,135949.8088549592,0.04340362548828125,0.009398655146081326,0.051601314544677736,0.05180211067199707,52417900,0.0
N-t75u11xx,Greedy (basic),44,19324969,19324969,19324969.0,0.0,0.001800394058227539,0.00044761132897289135,0.0020022869110107424,0.002002382278442383,52417900,63.13288208798903
N-t75u11xx,Greedy (best_insertion),44,52365833,52365833,52365833.0,0.0,0.03840489387512207,0.000553575734746805,0.03901352882385254,0.039018106460571286,52417900,0.09933057219003433
N-t75u11xx,Greedy (look_ahead),44,31067871,31067871,31067871.0,0.0,0.38500418663024905,0.005259046693232307,0.3899649143218994,0.3899815559387207,52417900,40.730416518021514
N-t75u11xx,Greedy (random),44,20560596,17621879,19430659.4,1185640.428187357,0.002200412750244141,0.0004481945064161054,0.00260162353515625,0.0028018951416015625,52417900,60.7756205418378
N-tiw56n54,Becker (non-opt),56,84414,84414,84414.0,0.0,0.012599420547485352,0.0005471197169010072,0.012999677658081054,0.012999725341796876,90940,7.176160105564108
N-tiw56n54,Becker (opt),56,77131,77131,77131.0,0.0,0.00039997100830078123,0.0005476828589860598,0.0009999275207519531,0.0009999275207519531,90940,15.184737189355618
N-tiw56n54,GreatDeluge,56,90940,90062,90478.2,344.10201975577013,0.06140913963317871,0.011023362539127599,0.07102012634277344,0.07302403450012207,90940,0.0
N-tiw56n54,Greedy (basic),56,29223,29223,29223.0,0.0,0.0036057949066162108,0.0008943086845082745,0.004606294631958008,0.004804277420043945,90940,67.86562568726633
N-tiw56n54,Greedy (best_insertion),56,90723,90723,90723.0,0.0,0.09660687446594238,0.005269735809042564,0.10160088539123535,0.10380172729492188,90940,0.23861886958434134
N-tiw56n54,Greedy (look_ahead),56,62612,62612,62612.0,0.0,0.8268641948699951,0.010756201868935118,0.835717248916626,0.8369316101074219,90940,31.15020892896415
N-tiw56n54,Greedy (random),56,54772,39739,45778.4,6934.9157384931505,0.0039996147155761715,1.690923998498651e-06,0.004001331329345703,0.004001712799072266,90940,39.77127776555971
N-tiw56n58,Becker (non-opt),56,115248,115248,115248.0,0.0,0.012999820709228515,0.0009995721377402693,0.013999748229980468,0.014000320434570312,124662,7.551619579342542
N-tiw56n58,Becker (opt),56,107839,107839,107839.0,0.0,0.00020036697387695312,0.00044803417403479177,0.0006011009216308594,0.0008014678955078124,124662,13.49489018305498
N-tiw56n58,GreatDeluge,56,124437,123353,123822.2,393.8638089492353,0.06839971542358399,0.016380053309470097,0.08499956130981445,0.08799934387207031,124662,0.1804880396592386
N-tiw56n58,Greedy (basic),56,39276,39276,39276.0,0.0,0.003601217269897461,0.0005458858934021071,0.00400090217590332,0.0040013790130615234,124662,68.49400779708331
N-tiw56n58,Greedy (best_insertion),56,124662,124662,124662.0,0.0,0.09412250518798829,0.00023651547245482125,0.09435348510742188,0.09444775581359863,124662,0.0
N-tiw56n58,Greedy (look_ahead),56,85684,85684,85684.0,0.0,0.8286149501800537,0.009971221722885622,0.8343338966369629,0.8343582153320312,124662,31.26694582150134
N-tiw56n58,Greedy (random),56,72459,43756,60796.8,12476.604133336923,0.0039999961853027345,0.0007063822150981581,0.004600048065185547,0.004800081253051758,124662,41.875631708138805
N-tiw56n62,Becker (non-opt),56,163487,163487,163487.0,0.0,0.012599849700927734,0.0005466401628664344,0.013000011444091797,0.01300048828125,175657,6.928274990464371
N-tiw56n62,Becker (opt),56,155151,155151,155151.0,0.0,0.00020003318786621094,0.00044728780582483377,0.0006000995635986329,0.0008001327514648435,175657,11.673887177852292
N-tiw56n62,GreatDeluge,56,175657,166712,172952.6,3728.0324971759583,0.06962718963623046,0.007104044187373842,0.0766599178314209,0.07769656181335449,175657,0.0
N-tiw56n62,Greedy (basic),56,55564,55564,55564.0,0.0,0.003600025177001953,0.0005487067656829341,0.0040012836456298825,0.0040015697479248045,175657,68.36789880278042
N-tiw56n62,Greedy (best_insertion),56,175296,175296,175296.0,0.0,0.09633865356445312,0.003577148322229569,0.09997439384460449,0.10126066207885742,175657,0.2055141554279078
N-tiw56n62,Greedy (look_ahead),56,129154,129154,129154.0,0.0,0.8146396160125733,0.004769282761777119,0.8193397998809815,0.8199545383453369,175657,26.473752825108022
N-tiw56n62,Greedy (random),56,111468,68048,89287.2,20237.485854226063,0.003799629211425781,0.00044806287177775696,0.004001188278198242,0.004001522064208984,175657,36.54223856720768
N-tiw56n66,Becker (non-opt),56,205305,205305,205305.0,0.0,0.012399911880493164,0.0005471616528174141,0.012999486923217774,0.012999868392944336,225464,8.94111698541674
N-tiw56n66,Becker (opt),56,196987,196987,196987.0,0.0,0.00019965171813964843,0.00044643481358488176,0.0005989551544189454,0.0007986068725585936,225464,12.630397757513395
N-tiw56n66,GreatDeluge,56,225464,224374,224803.2,453.3549382106691,0.07150559425354004,0.017244558509604865,0.08800621032714843,0.09300885200500487,225464,0.0
N-tiw56n66,Greedy (basic),56,69445,69445,69445.0,0.0,0.0035999774932861327,0.0005476845455536036,0.004000091552734375,0.004000139236450195,225464,69.19907390980379
N-tiw56n66,Greedy (best_insertion),56,224300,224300,224300.0,0.0,0.09504637718200684,0.0013131748677438243,0.09640660285949706,0.09654278755187988,225464,0.5162686726040521
N-tiw56n66,Greedy (look_ahead),56,161047,161047,161047.0,0.0,0.8165997982025146,0.006574562686154922,0.8225638389587402,0.8230165004730224,225464,28.570858318844692
N-tiw56n66,Greedy (random),56,138870,79290,120923.0,24956.72021720803,0.0037999629974365236,0.000446249348054195,0.004000186920166016,0.004000186920166016,225464,38.407018415356774
N-tiw56n67,Becker (non-opt),56,207440,207440,207440.0,0.0,0.012601184844970702,0.0008974710834947399,0.013604164123535156,0.01380610466003418,224967,7.790920446109874
N-tiw56n67,Becker (opt),56,195891,195891,195891.0,0.0,0.0004004955291748047,0.0005484014062097474,0.0010014057159423828,0.001001739501953125,224967,12.924562269132805
N-tiw56n67,GreatDeluge,56,224967,219877,223168.2,2014.2515235193428,0.0667999267578125,0.014167611562271034,0.08080039024353028,0.0834012508392334,224967,0.0
N-tiw56n67,Greedy (basic),56,67488,67488,67488.0,0.0,0.0033994674682617187,0.0005468585697262004,0.003998756408691406,0.003999233245849609,224967,70.0009334702423
N-tiw56n67,Greedy (best_insertion),56,221526,221526,221526.0,0.0,0.09431962966918946,0.0009622451777435268,0.09520835876464843,0.09560761451721192,224967,1.5295576684580405
N-tiw56n67,Greedy (look_ahead),56,159426,159426,159426.0,0.0,0.8187955379486084,0.007293953662303612,0.8256715774536133,0.8266596317291259,224967,29.1336062622518
N-tiw56n67,Greedy (random),56,133368,72485,105059.0,29171.71440796718,0.0039999961853027345,5.168791625185627e-07,0.004000473022460938,0.004000568389892578,224967,40.71663844030458
N-tiw56n72,Becker (non-opt),56,334466,334466,334466.0,0.0,0.012599611282348632,0.0008959220865075975,0.013601255416870118,0.013801670074462891,364357,8.20376718438235
N-tiw56n72,Becker (opt),56,308590,308590,308590.0,0.0,0.00039997100830078123,0.0005476828849332922,0.0009999752044677734,0.0010000705718994141,364357,15.305593140793233
N-tiw56n72,GreatDeluge,56,364357,354795,360710.8,3666.700860446629,0.05780491828918457,0.00840859403534029,0.06480350494384765,0.0654017448425293,364357,0.0
N-tiw56n72,Greedy (basic),56,107614,107614,107614.0,0.0,0.003600025177001953,0.0005468569065976784,0.004000139236450195,0.004000282287597657,364357,70.4646816172051
N-tiw56n72,Greedy (best_insertion),56,353301,353301,353301.0,0.0,0.09550919532775878,0.0009247649491998281,0.09642887115478516,0.09671807289123535,364357,3.0343866043468357
N-tiw56n72,Greedy (look_ahead),56,226616,226616,226616.0,0.0,0.8185112953186036,0.006316316794625619,0.824095344543457,0.8243747234344483,364357,37.80385720598204
N-tiw56n72,Greedy (random),56,217531,107505,158132.0,47836.403658719995,0.003799581527709961,0.0004480367749227862,0.004001331329345703,0.004001712799072266,364357,40.29729084387016
N-tiw56r54,Becker (non-opt),56,93117,93117,93117.0,0.0,0.013943099975585937,0.0027296663829717497,0.016756534576416016,0.017672061920166016,102424,9.086737483402327
N-tiw56r54,Becker (opt),56,86365,86365,86365.0,0.0,0.0003749847412109375,0.00036303045122309586,0.0007057666778564454,0.0007640361785888672,102424,15.67894243536671
N-tiw56r54,GreatDeluge,56,102304,99879,101375.0,944.7695486201912,0.059800004959106444,0.016407692809122125,0.0774007797241211,0.08020095825195313,102424,0.11716004061548076
N-tiw56r54,Greedy (basic),56,32966,32966,32966.0,0.0,0.003654003143310547,0.0003825058500376363,0.003986978530883789,0.004093837738037109,102424,67.81418417558385
N-tiw56r54,Greedy (best_insertion),56,102424,102424,102424.0,0.0,0.09475321769714355,0.0008851582894785165,0.09555549621582031,0.0955589771270752,102424,0.0
N-tiw56r54,Greedy (look_ahead),56,69946,69946,69946.0,0.0,0.8173050880432129,0.007636610587868676,0.8251319885253906,0.8267646312713623,102424,31.709364992579864
N-tiw56r54,Greedy (random),56,58116,41098,49551.0,7884.275902072428,0.0038003921508789062,0.00044875513313815665,0.004002141952514649,0.004002237319946289,102424,43.259392329922676
N-tiw56r58,Becker (non-opt),56,118012,118012,118012.0,0.0,0.012399911880493164,0.00054792233591594,0.013000154495239257,0.013000202178955079,128965,8.493001977280658
N-tiw56r58,Becker (opt),56,111632,111632,111632.0,0.0,0.00040035247802734376,0.0005482056226816641,0.0010010719299316407,0.001001453399658203,128965,13.44008064203466
N-tiw56r58,GreatDeluge,56,128337,124597,126819.8,1954.692226413152,0.04720497131347656,0.010618320844844594,0.05860714912414551,0.058806324005126955,128965,0.48695382468111503
N-tiw56r58,Greedy (basic),56,41575,41575,41575.0,0.0,0.0034001350402832033,0.0005460292311634131,0.003998327255249024,0.003998422622680664,128965,67.76257124025898
N-tiw56r58,Greedy (best_insertion),56,128965,128965,128965.0,0.0,0.09425277709960937,0.0003135661809779231,0.0946009635925293,0.09461631774902343,128965,0.0
N-tiw56r58,Greedy (look_ahead),56,89928,89928,89928.0,0.0,0.8201172828674317,0.010172021715911025,0.8313456535339355,0.8322201251983643,128965,30.26945295235141
N-tiw56r58,Greedy (random),56,73547,49537,56635.0,9779.922878019028,0.0037999629974365236,0.00044598294797315694,0.004000091552734375,0.004000139236450195,128965,42.97134881557012
N-tiw56r66,Becker (non-opt),56,189524,189524,189524.0,0.0,0.01239948272705078,0.0005485345063477522,0.013000774383544921,0.013001585006713867,208407,9.060636159054159
N-tiw56r66,Becker (opt),56,182473,182473,182473.0,0.0,0.00039997100830078123,0.0005476828589860598,0.0009999275207519531,0.0009999275207519531,208407,12.44391982994813
N-tiw56r66,GreatDeluge,56,208407,201569,206019.0,2810.130601947175,0.0635066032409668,0.007846336488243014,0.07140994071960449,0.07170486450195312,208407,0.0
N-tiw56r66,Greedy (basic),56,63056,63056,63056.0,0.0,0.003403472900390625,0.0005431275025623966,0.003998422622680664,0.003998470306396484,208407,69.74381858574807
N-tiw56r66,Greedy (best_insertion),56,207986,207986,207986.0,0.0,0.0950019359588623,0.0007138942237308324,0.09560680389404297,0.09580707550048828,208407,0.20200856976972942
N-tiw56r66,Greedy (look_ahead),56,152531,152531,152531.0,0.0,0.8171884059906006,0.007855551833492055,0.8240370273590087,0.8254152297973633,208407,26.810999630530645
N-tiw56r66,Greedy (random),56,76188,66784,70154.0,3904.92605563793,0.003799581527709961,0.00044710233814494266,0.004000186920166016,0.004000186920166016,208407,63.442686665994906
N-tiw56r67,Becker (non-opt),56,206587,206587,206587.0,0.0,0.012599849700927734,0.0005476213346410864,0.013001012802124023,0.013001346588134765,220417,6.27447066242622
N-tiw56r67,Becker (opt),56,201061,201061,201061.0,0.0,0.00040044784545898435,0.0005483364430635886,0.0010013580322265625,0.0010018348693847656,220417,8.781536814311055
N-tiw56r67,GreatDeluge,56,220417,216469,218352.6,1603.9975997488277,0.05125193595886231,0.014613452749806893,0.06729846000671387,0.07019128799438476,220417,0.0
N-tiw56r67,Greedy (basic),56,100971,100971,100971.0,0.0,0.0033996105194091797,0.0005482513635990812,0.004000282287597657,0.004000473022460938,220417,54.1909199381173
N-tiw56r67,Greedy (best_insertion),56,215463,215463,215463.0,0.0,0.09682073593139648,0.002942683843554019,0.09963955879211425,0.10082025527954101,220417,2.2475580377194135
N-tiw56r67,Greedy (look_ahead),56,118033,118033,118033.0,0.0,0.8140791416168213,0.007342641608486452,0.822119665145874,0.8224135398864746,220417,46.450137693553586
N-tiw56r67,Greedy (random),56,139667,113401,126239.0,10182.55279878283,0.00359954833984375,0.0005475099452769872,0.004000377655029297,0.004000520706176758,220417,36.63510527772359
N-tiw56r72,Becker (non-opt),56,251285,251285,251285.0,0.0,0.012513494491577149,0.000730661706222553,0.013339996337890625,0.013450860977172852,269158,6.640337645546482
N-tiw56r72,Becker (opt),56,230485,230485,230485.0,0.0,0.00039997100830078123,0.0005476828589860598,0.0009999275207519531,0.0009999275207519531,269158,14.368140646014607
N-tiw56r72,GreatDeluge,56,269158,263177,266224.0,2429.873967925086,0.06391382217407227,0.010287682668607875,0.07490615844726563,0.07720818519592285,269158,0.0
N-tiw56r72,Greedy (basic),56,73890,73890,73890.0,0.0,0.003711080551147461,0.0006865347873973022,0.004333066940307617,0.004444026947021484,269158,72.5477228988178
N-tiw56r72,Greedy (best_insertion),56,264413,264413,264413.0,0.0,0.09561495780944824,0.0013784663237251008,0.0970071792602539,0.0975062370300293,269158,1.7629050594817914
N-tiw56r72,Greedy (look_ahead),56,171415,171415,171415.0,0.0,0.810678243637085,0.006739878613111739,0.8181392669677734,0.8188785076141357,269158,36.314358109363276
N-tiw56r72,Greedy (random),56,160534,81103,123550.0,35946.07695562897,0.003799581527709961,0.00044790322200952,0.004001140594482422,0.004001617431640625,269158,40.35696505398316
N-usa79,Becker (non-opt),79,1728087,1728087,1728087.0,0.0,0.033199501037597653,0.00044625090846132345,0.03359942436218262,0.033798599243164064,1790745,3.4989906435589657
N-usa79,Becker (opt),79,1568991,1568991,1568991.0,0.0,0.00019998550415039061,0.00044718118179483976,0.000599956512451172,0.0007999420166015623,1790745,12.383337661141033
N-usa79,GreatDeluge,79,1790745,1678805,1763749.4,47773.81831924259,0.10294165611267089,0.025566688759856755,0.12524266242980958,0.12662158012390137,1790745,0.0
N-usa79,Greedy (basic),79,924836,924836,924836.0,0.0,0.009400033950805664,0.0005479019654874341,0.010000228881835938,0.010000228881835938,1790745,48.354679197764064
N-usa79,Greedy (best_insertion),79,1785234,1785234,1785234.0,0.0,0.35358433723449706,0.0032325720154698042,0.3567420482635498,0.3579689979553223,1790745,0.30774900949046347
N-usa79,Greedy (look_ahead),79,1289020,1289020,1289020.0,0.0,2.527380657196045,0.004884711264602155,2.5320575714111326,2.533613348007202,1790745,28.017668623952602
N-usa79,Greedy (random),79,1001375,850509,906514.4,60326.29139769823,0.009922218322753907,0.0005994212312561761,0.010490798950195312,0.010506582260131837,1790745,44.08053631309874
